1,a696b071-b826-47d6-bf3f-9b721044f5de
poly,e90bb7e6-0843-484a-9326-ae4fec4ef020
kelly,e90bb7e6-0843-484a-9326-ae4fec4ef020
Alicia,e90bb7e6-0843-484a-9326-ae4fec4ef020
paul,e90bb7e6-0843-484a-9326-ae4fec4ef020
Alicia,a696b071-b826-47d6-bf3f-9b721044f5de
gojo,a696b071-b826-47d6-bf3f-9b721044f5de
edshee,a696b071-b826-47d6-bf3f-9b721044f5de
ariana,a696b071-b826-47d6-bf3f-9b721044f5de
shawn,2255983a-080e-49fb-ae25-8fb5c528615d
Chris,2255983a-080e-49fb-ae25-8fb5c528615d
Gracie,2255983a-080e-49fb-ae25-8fb5c528615d
Mariah,a696b071-b826-47d6-bf3f-9b721044f5de
Mariah,16aa5209-4332-4907-b639-efcec6218f9a
Mariah,e90bb7e6-0843-484a-9326-ae4fec4ef020
Whitney,246db5aa-7f91-4491-84ca-08baf4d98686
Whitney,2255983a-080e-49fb-ae25-8fb5c528615d
Whitney,e90bb7e6-0843-484a-9326-ae4fec4ef020
bruno,2255983a-080e-49fb-ae25-8fb5c528615d
bruno,e90bb7e6-0843-484a-9326-ae4fec4ef020
Katy,16aa5209-4332-4907-b639-efcec6218f9a
Britney,2255983a-080e-49fb-ae25-8fb5c528615d
Britney,e90bb7e6-0843-484a-9326-ae4fec4ef020
paul,246db5aa-7f91-4491-84ca-08baf4d98686
poly,246db5aa-7f91-4491-84ca-08baf4d98686
poly,80ff809d-2d54-40b9-8afc-63658420f3af
gojo,80ff809d-2d54-40b9-8afc-63658420f3af
Chris,80ff809d-2d54-40b9-8afc-63658420f3af
bruno,80ff809d-2d54-40b9-8afc-63658420f3af
paul,80ff809d-2d54-40b9-8afc-63658420f3af
shawn,80ff809d-2d54-40b9-8afc-63658420f3af
Gracie,80ff809d-2d54-40b9-8afc-63658420f3af
Gracie,246db5aa-7f91-4491-84ca-08baf4d98686
2,e90bb7e6-0843-484a-9326-ae4fec4ef020
2,80ff809d-2d54-40b9-8afc-63658420f3af
lanadel,2255983a-080e-49fb-ae25-8fb5c528615d
lanadel,80ff809d-2d54-40b9-8afc-63658420f3af
