1,2023-10-11,22:01:55
1,2023-10-09,23:39:15
1,2023-10-09,23:40:03
1,2023-10-09,23:40:41
1,2023-10-09,23:41:27
1,2023-10-09,23:42:04
1,2023-10-09,23:43:20
1,2023-10-11,00:45:01
1,2023-10-11,00:46:48
1,2023-10-11,01:46:57
1,2023-10-11,01:47:42
1,2023-10-11,01:50:12
1,2023-10-11,01:51:33
1,2023-10-11,01:53:01
1,2023-10-11,01:53:31
1,2023-10-11,02:00:16
1,2023-10-11,02:00:55
1,2023-10-11,02:06:53
1,2023-10-11,02:07:51
1,2023-10-11,02:12:11
1,2023-10-11,02:16:06
1,2023-10-11,02:24:52
paul,2023-10-11,14:48:36
poly,2023-10-11,14:50:13
kelly,2023-10-11,14:50:55
Alicia,2023-10-11,14:54:56
Alicia,2023-10-11,14:56:30
Solomon,2023-10-11,14:58:33
Alicia,2023-10-11,15:53:24
Solomon,2023-10-11,15:58:13
ice,2023-10-11,17:17:40
1,2023-10-11,17:18:31
1,2023-10-11,17:20:26
paul,2023-10-11,17:32:42
poly,2023-10-11,17:33:18
kelly,2023-10-11,17:33:34
Alicia,2023-10-11,17:34:09
1,2023-10-11,17:34:28
paul,2023-10-11,17:35:09
Alicia,2023-10-11,17:39:56
Alicia,2023-10-11,17:40:41
1,2023-10-11,17:42:26
paul,2023-10-11,17:44:36
1,2023-10-11,17:44:44
Alicia,2023-10-11,17:53:43
Alicia,2023-10-11,17:55:57
1,2023-10-11,18:34:42
Alicia,2023-10-11,18:45:04
1,2023-10-11,19:41:59
1,2023-10-11,22:59:35
1,2023-10-11,23:39:33
ice,2023-10-11,23:39:48
ice,2023-10-11,23:42:47
paul,2023-10-11,23:43:09
1,2023-10-11,23:47:10
ice,2023-10-11,23:47:45
1,2023-10-11,23:54:47
paul,2023-10-12,00:08:271,2023-10-12,01:07:19
admin211,2023-10-12,01:07:36
1,2023-10-12,01:44:39
admin211,2023-10-12,01:45:34
paul,2023-10-12,00:08:27
1,2023-10-12,03:35:52
ice,2023-10-12,11:09:09
ice,2023-10-12,11:09:10
ice,2023-10-12,11:14:30
ice,2023-10-12,11:14:30
ice,2023-10-12,11:16:09
ice,2023-10-12,11:16:09
1,2023-10-12,11:17:05
ice,2023-10-12,11:17:37
ice,2023-10-12,11:17:38
ice,2023-10-12,11:18:24
2,2023-10-12,11:19:23
Solomon,2023-10-12,11:20:18
Solomon,2023-10-12,11:21:00
nanami,2023-10-12,11:21:59
gojo,2023-10-12,11:45:42
edshee,2023-10-12,11:47:12
ariana,2023-10-12,11:47:46
shawn,2023-10-12,11:49:26
Chris,2023-10-12,11:51:26
Gracie,2023-10-12,11:57:41
Mariah,2023-10-12,12:01:18
Mariah,2023-10-12,12:02:01
Mariah,2023-10-12,12:02:14
Whitney,2023-10-12,12:04:49
bruno,2023-10-12,12:06:25
Katy,2023-10-12,12:07:41
Britney,2023-10-12,12:09:10
1,2023-10-12,12:09:30
ice,2023-10-12,12:11:13
edshee,2023-10-12,12:12:43
nutt,2023-10-12,12:13:19
paul,2023-10-12,12:13:50
poly,2023-10-12,12:14:23
poly,2023-10-12,12:16:00
ice,2023-10-12,12:17:07
poly,2023-10-12,12:36:31
ice,2023-10-12,12:37:50
shawn,2023-10-12,12:39:47
ice,2023-10-12,12:41:49
ice,2023-10-12,12:42:09
gojo,2023-10-12,12:44:12
poly,2023-10-12,12:46:53
ice,2023-10-12,12:48:16
Gracie,2023-10-12,13:00:40
ice,2023-10-12,13:02:20
1,2023-10-12,13:02:33
Gracie,2023-10-12,13:03:33
Gracie,2023-10-12,13:04:21
Gracie,2023-10-12,13:05:08
shawn,2023-10-12,13:05:47
Whitney,2023-10-12,13:06:59
edshee,2023-10-12,13:09:36
Gracie,2023-10-12,13:09:50
Gracie,2023-10-12,13:10:18
nanami,2023-10-12,13:11:45
poly,2023-10-12,13:12:23
paul,2023-10-12,13:13:22
1,2023-10-12,13:54:17
1,2023-10-12,13:57:10
1,2023-10-12,13:58:45
1,2023-10-12,14:00:19
1,2023-10-12,14:02:33
1,2023-10-12,14:02:58
1,2023-10-12,14:03:15
1,2023-10-12,14:05:09
1,2023-10-12,14:07:07
1,2023-10-12,14:07:50
1,2023-10-12,14:08:14
1,2023-10-12,14:08:49
1,2023-10-12,14:09:26
1,2023-10-12,14:10:35
1,2023-10-12,14:11:57
1,2023-10-12,14:13:04
1,2023-10-12,14:13:58
1,2023-10-12,14:14:36
1,2023-10-12,14:17:08
1,2023-10-12,14:22:34
1,2023-10-12,14:23:19
1,2023-10-12,14:24:47
1,2023-10-12,14:26:08
1,2023-10-12,14:27:18
1,2023-10-12,14:43:36
jSmith89,2023-10-12,15:02:04
eBrown22,2023-10-12,15:02:52
dJohnson77,2023-10-12,15:03:23
1,2023-10-12,15:04:22
jSmith89,2023-10-12,15:06:49
eBrown22,2023-10-12,15:07:10
dJohnson77,2023-10-12,15:07:30
dJohnson77,2023-10-12,15:07:38
new,2023-10-12,15:08:01
1,2023-10-12,15:09:55
1,2023-10-12,15:16:17
1,2023-10-12,15:17:12
1,2023-10-12,15:18:18
1,2023-10-12,15:19:27
1,2023-10-12,15:25:21
1,2023-10-12,15:26:42
1,2023-10-12,15:30:12
1,2023-10-12,15:34:18
new,2023-10-12,15:34:46
nook,2023-10-12,15:35:33
jSmith89,2023-10-12,15:35:50
eBrown22,2023-10-12,15:36:05
dJohnson77,2023-10-12,15:36:19
1,2023-10-12,15:36:25
new,2023-10-12,15:42:33
Britney,2023-10-12,15:49:33
Katy,2023-10-12,15:49:50
Whitney,2023-10-12,15:50:05
Mariah,2023-10-12,15:50:14
Gracie,2023-10-12,15:50:36
Chris,2023-10-12,15:50:48
shawn,2023-10-12,15:51:03
nanami,2023-10-12,15:51:16
gojo,2023-10-12,15:51:26
1,2023-10-12,15:52:08
1,2023-10-12,16:18:11
2,2023-10-12,15:51:06
2,2023-10-12,16:03:56
2,2023-10-12,16:06:00
lanadel,2023-10-12,16:07:13
1,2023-10-12,16:10:37
bruno,2023-10-12,16:12:10
1,2023-10-12,16:46:08
ice,2023-10-12,16:50:54
1,2023-10-12,16:54:24
ice,2023-10-12,16:55:47
nanami,2023-10-12,17:40:40
Solomon,2023-10-12,17:47:09
jSmith89,2023-10-12,18:55:57
eBrown22,2023-10-12,18:56:21
dJohnson77,2023-10-12,18:56:45
dJohnson77,2023-10-12,18:57:06
Solomon,2023-10-12,18:57:43
sWilliams64,2023-10-12,18:58:20
aJones91,2023-10-12,18:58:42
sWilliams64,2023-10-12,18:59:03
aJones91,2023-10-12,18:59:23
kelly,2023-10-12,18:59:39
Alicia,2023-10-12,18:59:53
Alicia,2023-10-12,19:00:50
Solomon,2023-10-12,19:01:29
1,2023-10-12,19:02:55
Alicia,2023-10-12,19:03:24
paul,2023-10-12,19:03:40
taylors,2023-10-12,19:04:30
harry,2023-10-12,19:04:41
oliviarod,2023-10-12,19:04:59
rihanna,2023-10-12,19:05:11
nook,2023-10-12,19:05:24
nook,2023-10-12,19:05:38
shawn,2023-10-12,19:06:12
justinb,2023-10-12,19:06:36
bruno,2023-10-12,19:07:00
Mariah,2023-10-12,19:07:32
1,2023-10-12,19:07:44
Britney,2023-10-12,19:08:08
1,2023-10-12,19:08:28
aJones91,2023-10-12,19:08:47
aJones91,2023-10-12,19:09:46
new,2023-10-12,19:10:02
ice,2023-10-12,19:10:15
nutt,2023-10-12,19:10:38
paul,2023-10-12,19:11:03
lanadel,2023-10-12,19:11:29
oliviarod,2023-10-12,19:12:20
edshee,2023-10-12,19:12:46
sWilliams64,2023-10-12,19:13:24
1,2023-10-12,19:18:47
1,2023-10-12,19:22:00
1,2023-10-12,19:22:37
1,2023-10-12,19:23:16
1,2023-10-12,19:29:18
1,2023-10-12,21:02:14
1,2023-10-12,21:05:24
new,2023-10-12,21:08:52
1,2023-10-12,21:09:24
Alicia,2023-10-12,21:20:31
Solomon,2023-10-12,21:23:12
ice,2023-10-12,21:24:32
kelly,2023-10-12,21:32:20
shawn,2023-10-12,21:46:34
justinb,2023-10-12,21:50:21
ice,2023-10-12,21:58:09
paul,2023-10-12,22:03:22
bruno,2023-10-12,22:06:24
Alicia,2023-10-12,22:07:22
Solomon,2023-10-12,22:13:53
lanadel,2023-10-12,22:33:06
shawn,2023-10-12,22:43:15
rihanna,2023-10-12,22:58:25
1,2023-10-12,21:17:55
1,2023-10-12,21:34:06
new,2023-10-12,21:35:20
1,2023-10-12,21:36:11
1,2023-10-12,21:45:03
gojo,2023-10-12,21:48:09
1,2023-10-12,21:49:11
1,2023-10-12,21:49:38
ice,2023-10-12,21:50:42
1,2023-10-12,21:51:46
ice,2023-10-12,21:53:45
gojo,2023-10-12,22:30:03
Solomon,2023-10-12,22:30:48
new,2023-10-12,22:33:10
Solomon,2023-10-12,22:35:47
nook,2023-10-12,22:43:19
1,2023-10-12,22:45:13
ice,2023-10-12,22:47:00
justinb,2023-10-12,22:48:17
1,2023-10-12,22:51:41
1,2023-10-12,22:57:49
1,2023-10-12,22:59:48
1,2023-10-13,00:10:34
new,2023-10-13,00:11:21
ice,2023-10-13,00:11:40
gojo,2023-10-13,00:13:33
Solomon,2023-10-13,00:13:51
1,2023-10-13,00:14:06
conan,2023-10-13,00:32:00
bruno,2023-10-13,00:32:14
admin211,2023-10-13,00:48:59
1,2023-10-13,02:22:19
new,2023-10-13,02:33:15
nook,2023-10-13,02:36:23
new,2023-10-13,02:37:00
1,2023-10-13,02:43:32
new,2023-10-13,02:44:11
nook,2023-10-13,02:46:25
new,2023-10-13,02:48:16
1,2023-10-13,03:08:57
Mariah,2023-10-13,05:05:23
